{
  "main": {
    "id": "1ca64feba37ea41d",
    "type": "split",
    "children": [
      {
        "id": "6f4837c2e7b446aa",
        "type": "tabs",
        "children": [
          {
            "id": "22b3eed326814a36",
            "type": "leaf",
            "state": {
              "type": "markdown",
              "state": {
                "file": "未命名.md",
                "mode": "source",
                "source": false
              }
            }
          }
        ]
      }
    ],
    "direction": "vertical"
  },
  "left": {
    "id": "ea036dd0b1e158c1",
    "type": "split",
    "children": [
      {
        "id": "a7337a330ecef3b9",
        "type": "tabs",
        "children": [
          {
            "id": "10535fc85cd2c9ee",
            "type": "leaf",
            "state": {
              "type": "file-explorer",
              "state": {
                "sortOrder": "alphabetical"
              }
            }
          },
          {
            "id": "b123525592df5553",
            "type": "leaf",
            "state": {
              "type": "search",
              "state": {
                "query": "",
                "matchingCase": false,
                "explainSearch": false,
                "collapseAll": false,
                "extraContext": false,
                "sortOrder": "alphabetical"
              }
            }
          },
          {
            "id": "00030a08661cfc47",
            "type": "leaf",
            "state": {
              "type": "bookmarks",
              "state": {}
            }
          }
        ]
      }
    ],
    "direction": "horizontal",
    "width": 300
  },
  "right": {
    "id": "f5de05e4a77f75bd",
    "type": "split",
    "children": [
      {
        "id": "aa843d517abe005a",
        "type": "tabs",
        "children": [
          {
            "id": "e8c6f54ae2e5100b",
            "type": "leaf",
            "state": {
              "type": "backlink",
              "state": {
                "file": "未命名.md",
                "collapseAll": false,
                "extraContext": false,
                "sortOrder": "alphabetical",
                "showSearch": false,
                "searchQuery": "",
                "backlinkCollapsed": false,
                "unlinkedCollapsed": true
              }
            }
          },
          {
            "id": "893fc667245c8d38",
            "type": "leaf",
            "state": {
              "type": "outgoing-link",
              "state": {
                "file": "未命名.md",
                "linksCollapsed": false,
                "unlinkedCollapsed": true
              }
            }
          },
          {
            "id": "6db0d9ad8eb0aed5",
            "type": "leaf",
            "state": {
              "type": "tag",
              "state": {
                "sortOrder": "frequency",
                "useHierarchy": true
              }
            }
          },
          {
            "id": "73dd3f61eedc3da5",
            "type": "leaf",
            "state": {
              "type": "outline",
              "state": {
                "file": "未命名.md"
              }
            }
          }
        ]
      }
    ],
    "direction": "horizontal",
    "width": 300,
    "collapsed": true
  },
  "left-ribbon": {
    "hiddenItems": {
      "switcher:打开快速切换": false,
      "graph:查看关系图谱": false,
      "canvas:新建白板": false,
      "daily-notes:打开/创建今天的日记": false,
      "templates:插入模板": false,
      "command-palette:打开命令面板": false
    }
  },
  "active": "22b3eed326814a36",
  "lastOpenFiles": [
    "未命名.md"
  ]
}